INSERT INTO Type (id,type) values (1,'Casa');

INSERT INTO Type (id,type) values (2,'Apartamento');

INSERT INTO Type (id,type) values (3,'Piso');

INSERT INTO User_entity (id, rol, firstname, lastname, username, password, dni, avatar, birthdate, phone_number, email, created_at, last_password_change_at, account_non_expired, account_non_locked, credentials_non_expired, enabled) VALUES ('2bd9e760-a11e-5d8f-9641-1c54e79c57a1', 'USER,OWNER', 'David', 'Garcia María', 'Martinex', '{bcrypt}$2a$12$pMq9c8E3b0Kr4nKXuy0HM.ZzXeD9caGj4myXXPKAzXOTjDY7/8O2y', '29551149J', 'default.jpg', '2002-04-26', '644617309', 'vivaelsevilla@gmail.com', '2022-09-03 17:35:43', '2020-06-05 20:24:09.901422', TRUE, TRUE, TRUE, TRUE);

INSERT INTO User_entity (id, rol, firstname, lastname, username, password, dni, avatar, birthdate, phone_number, email, created_at, last_password_change_at, account_non_expired, account_non_locked, credentials_non_expired, enabled) VALUES ('ac169001-999c-1ade-8188-8ccd60d80000', 'WORKER', 'Antonio', 'Martinez Ares','ElBrujo','{bcrypt}$2a$12$ygPoLGjEVtj6t1SvQnb.puJVKj3uzUQKfG3Er.p/nEvPRsaX1pb0e', '85993325Q', 'default.jpg', '1998-06-12', '674526824', 'vivaelcadiz@gmail.com', '2021-07-02 12:35:43', '2021-06-05 20:24:09.901422', TRUE, TRUE, TRUE, TRUE);

INSERT INTO City (id, name) VALUES(1, 'A Coruna'),(2, 'Alava'),(3, 'Albacete'),(4, 'Alicante'),(5, 'Almeria'),(6, 'Asturias'),(7, 'Avila'),(8, 'Badajoz'),(9, 'Baleares'),(10, 'Barcelona'),(11, 'Bizkaia'),(12, 'Burgos'),(13, 'Caceres'),(14, 'Cadiz'),(15, 'Cantabria'),(16, 'Castellon'),(17, 'Ceuta'),(18, 'Ciudad Real'),(19, 'Cordoba'),(20, 'Cuenca'),(21, 'Guipuzkoa'),(22, 'Girona'),(23, 'Granada'),(24, 'Guadalajara'),(25, 'Huelva'),(26, 'Huesca'),(27, 'Jaen'),(28, 'La Rioja'),(29, 'Las Palmas'),(30, 'Leon'),(31, 'Lugo'),(32, 'Lleida'),(33, 'Madrid'),(34, 'Malaga'),(35, 'Melilla'),(36, 'Murcia'),(37, 'Navarra'),(38, 'Ourense'),(39, 'Palencia'),(40, 'Pontevedra'),(41, 'Salamanca'),(42, 'Segovia'),(43, 'Sevilla'),(44, 'Soria'),(45, 'Tarragona'),(46, 'Tenerife'),(47, 'Teruel'),(48, 'Toledo'),(49, 'Valencia'),(50, 'Valladolid'),(51, 'Zamora'),(52, 'Zaragoza');

INSERT INTO owner (id) VALUES ('2bd9e760-a11e-5d8f-9641-1c54e79c57a1');

INSERT INTO property (id, lat, lon, name, title, price, m2, description, total_bed_rooms, total_baths, type_id, city_id, owner_id, total_meet_booking, total_visits) VALUES (1, '40.4167754', '-3.7037902', 'Apartamento en el centro', 'Hermoso apartamento cerca de todos los servicios', 1500.89, 80.0, 'Este apartamento luminoso y espacioso se encuentra en el corazón de la ciudad.', 2, 1, 2, 1,'2bd9e760-a11e-5d8f-9641-1c54e79c57a1', 0, 50);

INSERT INTO property (id, lat, lon, name, title, price, m2, description, total_bed_rooms, total_baths, type_id, city_id, owner_id, total_meet_booking, total_visits) VALUES (2, '41.3850639', '2.1734035', 'Casa de lujo en la playa', 'Espectacular casa con vistas al mar', 2500.0, 150.0, 'Esta impresionante casa ofrece vistas panorámicas al mar y todas las comodidades necesarias.', 4, 3, 1, 23,'2bd9e760-a11e-5d8f-9641-1c54e79c57a1', 0, 500);

INSERT INTO property (id, lat, lon, name, title, price, m2, description, total_bed_rooms, total_baths, type_id, city_id, owner_id, total_meet_booking, total_visits) VALUES (3, '39.4699019', '-0.3773957', 'Piso moderno en el barrio histórico', 'Acogedor piso cerca de lugares históricos', 1200.0, 100.0, 'Este piso moderno y elegante se encuentra en el encantador barrio histórico de la ciudad.', 3, 2, 3, 3,'2bd9e760-a11e-5d8f-9641-1c54e79c57a1', 0, 100);

INSERT INTO property (id,lat, lon, name, title, price, m2, description, total_bed_rooms, total_baths, type_id, city_id,total_meet_booking,total_visits) VALUES (4,'37.3890924', '-5.9844589', 'Casa con jardín amplio', 'Amplia casa, ideal para familias', 3000.0, 200.0, 'Esta espaciosa casa cuenta con un amplio jardín y es perfecta para familias.', 4, 3,1,4,0,10);

INSERT INTO property (id,lat, lon, name, title, price, m2, description, total_bed_rooms, total_baths, type_id, city_id,total_meet_booking,total_visits) VALUES (5,'43.2630126', '-2.9349852', 'Apartamento en el casco antiguo', 'Encantador apartamento en el corazón de la ciudad', 1800.0, 90.0, 'Este encantador apartamento se encuentra en el pintoresco casco antiguo, cerca de todos los lugares de interés.', 2, 1, 2, 5 ,10,6);

INSERT INTO property (id, lat, lon, name, title, price, m2, description, total_bed_rooms, total_baths, type_id, city_id, total_meet_booking, total_visits) VALUES (6, '40.4167754', '-3.7037902', 'Apartamento en el centro', 'Hermoso apartamento cerca de todos los servicios', 1500.0, 80.0, 'Este apartamento luminoso y espacioso se encuentra en el corazón de la ciudad.', 2, 1, 2, 1, 0, 0);

INSERT INTO property (id, lat, lon, name, title, price, m2, description, total_bed_rooms, total_baths, type_id, city_id, total_meet_booking, total_visits) VALUES (7, '41.3850639', '2.1734035', 'Casa de lujo en la playa', 'Espectacular casa con vistas al mar', 2500.0, 150.0, 'Esta impresionante casa ofrece vistas panorámicas al mar y todas las comodidades necesarias.', 4, 3, 1, 2, 0, 0);

INSERT INTO property (id, lat, lon, name, title, price, m2, description, total_bed_rooms, total_baths, type_id, city_id, total_meet_booking, total_visits) VALUES (8, '39.4699019', '-0.3773957', 'Piso moderno en el barrio histórico', 'Acogedor piso cerca de lugares históricos', 1200.0, 100.0, 'Este piso moderno y elegante se encuentra en el encantador barrio histórico de la ciudad.', 3, 2, 3, 3, 0, 0);

INSERT INTO property (id, lat, lon, name, title, price, m2, description, total_bed_rooms, total_baths, type_id, city_id, total_meet_booking, total_visits) VALUES (9, '37.3890924', '-5.9844589', 'Chalet con jardín amplio', 'Amplio chalet ideal para familias', 3000.0, 200.0, 'Este espacioso chalet cuenta con un amplio jardín y es perfecto para familias.', 4, 3, 1, 4, 0, 0);

INSERT INTO property (id, lat, lon, name, title, price, m2, description, total_bed_rooms, total_baths, type_id, city_id, total_meet_booking, total_visits) VALUES (10, '43.2630126', '-2.9349852', 'Apartamento en el casco antiguo', 'Encantador apartamento en el corazón de la ciudad', 1800.0, 90.0, 'Este encantador apartamento se encuentra en el pintoresco casco antiguo, cerca de todos los lugares de interés.', 2, 1, 2, 5, 0, 0);

INSERT INTO property (id, lat, lon, name, title, price, m2, description, total_bed_rooms, total_baths, type_id, city_id, total_meet_booking, total_visits) VALUES (11, '36.7212737', '-4.4213988', 'Casa adosada en urbanización privada', 'Moderna casa adosada en urbanización exclusiva', 2000.0, 120.0, 'Esta moderna casa adosada está ubicada en una urbanización privada con todas las comodidades.', 3, 2, 1, 23, 0, 0);

INSERT INTO property (id, lat, lon, name, title, price, m2, description, total_bed_rooms, total_baths, type_id, city_id, total_meet_booking, total_visits) VALUES (12, '38.346658', '-0.4906855', 'Piso luminoso con vistas al mar', 'Piso luminoso con impresionantes vistas', 1700.0, 95.0, 'Este luminoso piso ofrece vistas impresionantes al mar y está situado en una ubicación privilegiada.', 2, 2, 3, 45, 0, 0);

INSERT INTO property (id, lat, lon, name, title, price, m2, description, total_bed_rooms, total_baths, type_id, city_id, total_meet_booking, total_visits) VALUES (13, '39.5696005', '2.6501603', 'Chalet con piscina y terraza', 'Chalet de lujo con todas las comodidades', 3500.0, 250.0, 'Este chalet de lujo cuenta con una amplia piscina y una terraza perfecta para relajarse.', 5, 4, 1, 17, 0, 0);

INSERT INTO property (id, lat, lon, name, title, price, m2, description, total_bed_rooms, total_baths, type_id, city_id, total_meet_booking, total_visits)  VALUES (14, '43.2630136', '-2.9349852', 'Apartamento en zona comercial', 'Apartamento ideal para negocio', 2000.0, 100.0, 'Este apartamento se encuentra en una ubicación comercial estratégica y es ideal para un negocio.', 1, 1, 2, 36, 0, 0);

INSERT INTO property (id, lat, lon, name, title, price, m2, description, total_bed_rooms, total_baths, type_id, city_id, total_meet_booking, total_visits) VALUES (15, '41.6529722', '0.8849243', 'Casa rural en las afueras', 'Tranquila casa rural rodeada de naturaleza', 1800.0, 120.0, 'Esta tranquila casa rural se encuentra en un entorno natural impresionante, perfecta para desconectar.', 3, 2, 1, 9, 0, 0);

INSERT INTO property (id, lat, lon, name, title, price, m2, description, total_bed_rooms, total_baths, type_id, city_id, total_meet_booking, total_visits) VALUES (16, '40.4167754', '-3.7037902', 'Apartamento en el centro', 'Hermoso apartamento cerca de todos los servicios', 1500.0, 80.0, 'Este apartamento luminoso y espacioso se encuentra en el corazón de la ciudad.', 2, 1, 2, 5, 0, 0);

INSERT INTO property (id, lat, lon, name, title, price, m2, description, total_bed_rooms, total_baths, type_id, city_id, total_meet_booking, total_visits) VALUES (17, '41.3850639', '2.1734035', 'Casa de lujo en la playa', 'Espectacular casa con vistas al mar', 2500.0, 150.0, 'Esta impresionante casa ofrece vistas panorámicas al mar y todas las comodidades necesarias.', 4, 3, 1, 10, 0, 0);

INSERT INTO property (id, lat, lon, name, title, price, m2, description, total_bed_rooms, total_baths, type_id, city_id, total_meet_booking, total_visits) VALUES (18, '39.4699019', '-0.3773957', 'Piso moderno en el barrio histórico', 'Acogedor piso cerca de lugares históricos', 1200.0, 100.0, 'Este piso moderno y elegante se encuentra en el encantador barrio histórico de la ciudad.', 3, 2, 3, 20, 0, 0);

INSERT INTO property (id, lat, lon, name, title, price, m2, description, total_bed_rooms, total_baths, type_id, city_id, total_meet_booking, total_visits) VALUES (19, '37.3890924', '-5.9844589', 'Chalet con jardín amplio', 'Amplio chalet ideal para familias', 3000.0, 200.0, 'Este espacioso chalet cuenta con un amplio jardín y es perfecto para familias.', 4, 3, 1, 30, 0, 0);

INSERT INTO property (id, lat, lon, name, title, price, m2, description, total_bed_rooms, total_baths, type_id, city_id, total_meet_booking, total_visits) VALUES (20, '43.2630126', '-2.9349852', 'Apartamento en el casco antiguo', 'Encantador apartamento en el corazón de la ciudad', 1800.0, 90.0, 'Este encantador apartamento se encuentra en el pintoresco casco antiguo, cerca de todos los lugares de interés.', 2, 1, 2, 15, 0, 0);

INSERT INTO property (id, lat, lon, name, title, price, m2, description, total_bed_rooms, total_baths, type_id, city_id, total_meet_booking, total_visits) VALUES (21, '41.3850639', '2.1734035', 'Casa de lujo en la playa', 'Espectacular casa con vistas al mar', 2500.0, 150.0, 'Esta impresionante casa ofrece vistas panorámicas al mar y todas las comodidades necesarias.', 4, 3, 1, 10, 0, 0);

INSERT INTO property (id, lat, lon, name, title, price, m2, description, total_bed_rooms, total_baths, type_id, city_id, total_meet_booking, total_visits) VALUES (22, '39.4699019', '-0.3773957', 'Piso moderno en el barrio histórico', 'Acogedor piso cerca de lugares históricos', 1200.0, 100.0, 'Este piso moderno y elegante se encuentra en el encantador barrio histórico de la ciudad.', 3, 2, 3, 20, 0, 0);

INSERT INTO property (id, lat, lon, name, title, price, m2, description, total_bed_rooms, total_baths, type_id, city_id, total_meet_booking, total_visits) VALUES (23, '37.3890924', '-5.9844589', 'Chalet con jardín amplio', 'Amplio chalet ideal para familias', 3000.0, 200.0, 'Este espacioso chalet cuenta con un amplio jardín y es perfecto para familias.', 4, 3, 1, 30, 0, 0);

INSERT INTO property (id, lat, lon, name, title, price, m2, description, total_bed_rooms, total_baths, type_id, city_id, total_meet_booking, total_visits) VALUES (24, '43.2630126', '-2.9349852', 'Apartamento en el casco antiguo', 'Encantador apartamento en el corazón de la ciudad', 1800.0, 90.0, 'Este encantador apartamento se encuentra en el pintoresco casco antiguo, cerca de todos los lugares de interés.', 2, 1, 2, 15, 0, 0);

INSERT INTO property (id, lat, lon, name, title, price, m2, description, total_bed_rooms, total_baths, type_id, city_id, total_meet_booking, total_visits) VALUES (25, '40.4167754', '-3.7037902', 'Apartamento en el centro', 'Hermoso apartamento cerca de todos los servicios', 1500.0, 80.0, 'Este apartamento luminoso y espacioso se encuentra en el corazón de la ciudad.', 2, 1, 2, 5, 0, 0);

INSERT INTO property (id, lat, lon, name, title, price, m2, description, total_bed_rooms, total_baths, type_id, city_id, total_meet_booking, total_visits) VALUES (26, '40.123456', '-3.987654', 'Apartamento moderno cerca del mar', 'Espectacular apartamento con vistas al océano', 1800.0, 100.0, 'Este moderno apartamento se encuentra estratégicamente ubicado cerca del mar y ofrece impresionantes vistas al océano. Cuenta con amplias habitaciones, una cocina totalmente equipada y una decoración elegante. Ideal para aquellos que buscan una estancia de lujo y comodidad.', 2, 3, 2, 12, 0, 0);

INSERT INTO property (id, lat, lon, name, title, price, m2, description, total_bed_rooms, total_baths, type_id, city_id, total_meet_booking, total_visits) VALUES (27, '41.987654', '2.123456', 'Casa de campo con piscina privada', 'Retiro tranquilo en plena naturaleza', 2500.0, 200.0, 'Esta hermosa casa de campo ofrece un retiro tranquilo en plena naturaleza. Rodeada de exuberantes paisajes, cuenta con una amplia piscina privada, jardines cuidados y una decoración rústica y acogedora. Ideal para aquellos que desean escapar del bullicio de la ciudad y disfrutar de la paz y la tranquilidad del campo.', 4, 4, 1, 25, 0, 0);

INSERT INTO property (id, lat, lon, name, title, price, m2, description, total_bed_rooms, total_baths, type_id, city_id, total_meet_booking, total_visits) VALUES (28, '39.654321', '-0.789012', 'Piso elegante en zona exclusiva', 'Estilo y sofisticación en cada detalle', 2200.0, 120.0, 'Este elegante piso ubicado en una zona exclusiva destaca por su estilo y sofisticación en cada detalle. Con amplios espacios, acabados de alta calidad y una distribución impecable, ofrece el máximo confort y lujo. Ideal para aquellos que valoran el diseño y la elegancia en su hogar.', 3, 2, 3, 8, 0, 0);

INSERT INTO property (id, lat, lon, name, title, price, m2, description, total_bed_rooms, total_baths, type_id, city_id, total_meet_booking, total_visits) VALUES (30, '43.123456', '-2.987654', 'Apartamento con terraza en el centro histórico', 'Encanto y comodidad en cada rincón', 1600.0, 90.0, 'Este encantador apartamento se encuentra en el corazón del centro histórico y ofrece una combinación perfecta de encanto y comodidad. Con una hermosa terraza, vistas panorámicas, espacios luminosos y una decoración acogedora, te sentirás como en casa desde el primer momento. Ideal para aquellos que buscan experimentar la auténtica vida en la ciudad.', 2, 1, 2, 35, 0, 0);

INSERT INTO property (id, lat, lon, name, title, price, m2, description, total_bed_rooms, total_baths, type_id, city_id, total_meet_booking, total_visits) VALUES (31, '40.987654', '-3.123456', 'Casa rural con encanto en las montañas', 'Relajación y conexión con la naturaleza', 2000.0, 150.0, 'Esta encantadora casa rural te brinda la oportunidad de disfrutar de la relajación y la conexión con la naturaleza. Situada en un entorno montañoso, ofrece impresionantes vistas panorámicas, un jardín exuberante y acogedores espacios interiores. Ideal para aquellos que desean escapar del estrés diario y disfrutar de la tranquilidad del entorno natural.', 4, 3, 1, 40, 0, 0);

INSERT INTO property (id, lat, lon, name, title, price, m2, description, total_bed_rooms, total_baths, type_id, city_id, total_meet_booking, total_visits) VALUES (32, '41.654321', '2.789012', 'Piso amplio en zona residencial', 'Comodidad y funcionalidad en un solo lugar', 1800.0, 110.0, 'Este amplio piso ubicado en una zona residencial te brinda la comodidad y funcionalidad que necesitas en tu vida diaria. Con espacios bien distribuidos, abundante luz natural y acabados de calidad, disfrutarás de un estilo de vida práctico y confortable. Ideal para aquellos que valoran la calidad de vida en un entorno tranquilo y familiar.', 3, 2, 3, 15, 0, 0);

INSERT INTO property (id, lat, lon, name, title, price, m2, description, total_bed_rooms, total_baths, type_id, city_id, total_meet_booking, total_visits) VALUES (33, '37.987654', '-6.123456', 'Chalet de lujo en urbanización exclusiva', 'Vive el lujo en todo su esplendor', 4000.0, 350.0, 'Este impresionante chalet de lujo te brinda la oportunidad de vivir el lujo en todo su esplendor. Con amplias habitaciones, una piscina privada, jardines cuidados y una arquitectura imponente, disfrutarás de un estilo de vida exclusivo y sofisticado. Cada detalle ha sido cuidadosamente diseñado para brindarte una experiencia única y memorable.', 4, 3, 1, 50, 0, 0);

INSERT INTO property (id, lat, lon, name, title, price, m2, description, total_bed_rooms, total_baths, type_id, city_id, total_meet_booking, total_visits) VALUES (34, '43.654321', '-2.789012', 'Apartamento en primera línea de playa', 'Disfruta de vistas panorámicas al mar', 2500.0, 120.0, 'Este encantador apartamento está ubicado en primera línea de playa, ofreciendo vistas panorámicas al mar desde cada rincón. Con una decoración moderna y acogedora, te brinda la oportunidad de disfrutar del sonido de las olas y los hermosos atardeceres desde la comodidad de tu hogar. Ideal para aquellos que buscan un estilo de vida relajado y playero.', 2, 1, 2, 20, 0, 0);

INSERT INTO property (id, lat, lon, name, title, price, m2, description, total_bed_rooms, total_baths, type_id, city_id, total_meet_booking, total_visits) VALUES (35, '40.987654', '-3.123456', 'Casa rural con encanto en las montañas', 'Relajación y conexión con la naturaleza', 2000.0, 150.0, 'Esta encantadora casa rural te brinda la oportunidad de disfrutar de la relajación y la conexión con la naturaleza. Situada en un entorno montañoso, ofrece impresionantes vistas panorámicas, un jardín exuberante y acogedores espacios interiores. Ideal para aquellos que desean escapar del estrés diario y disfrutar de la tranquilidad del entorno natural.', 4, 3, 1, 40, 0, 0);

INSERT INTO property (id, lat, lon, name, title, price, m2, description, total_bed_rooms, total_baths, type_id, city_id, total_meet_booking, total_visits) VALUES (36, '41.654321', '2.789012', 'Piso amplio en zona residencial', 'Comodidad y funcionalidad en un solo lugar', 1800.0, 110.0, 'Este amplio piso ubicado en una zona residencial te brinda la comodidad y funcionalidad que necesitas en tu vida diaria. Con espacios bien distribuidos, abundante luz natural y acabados de calidad, disfrutarás de un estilo de vida práctico y confortable. Ideal para aquellos que valoran la calidad de vida en un entorno tranquilo y familiar.', 3, 2, 3, 15, 0, 0);

INSERT INTO property (id, lat, lon, name, title, price, m2, description, total_bed_rooms, total_baths, type_id, city_id, total_meet_booking, total_visits) VALUES (37, '40.123456', '-3.987654', 'Apartamento moderno cerca del mar', 'Espectacular apartamento con vistas al océano', 1800.0, 100.0, 'Este moderno apartamento se encuentra estratégicamente ubicado cerca del mar y ofrece impresionantes vistas al océano. Cuenta con amplias habitaciones, una cocina totalmente equipada y una decoración elegante. Ideal para aquellos que buscan una estancia de lujo y comodidad.', 2, 3, 2, 12, 0, 0);

INSERT INTO property (id, lat, lon, name, title, price, m2, description, total_bed_rooms, total_baths, type_id, city_id, total_meet_booking, total_visits) VALUES (38, '41.987654', '2.123456', 'Casa de campo con piscina privada', 'Retiro tranquilo en plena naturaleza', 2500.0, 200.0, 'Esta hermosa casa de campo ofrece un retiro tranquilo en plena naturaleza. Rodeada de exuberantes paisajes, cuenta con una amplia piscina privada, jardines cuidados y una decoración rústica y acogedora. Ideal para aquellos que desean escapar del bullicio de la ciudad y disfrutar de la paz y la tranquilidad del campo.', 4, 4, 1, 25, 0, 0);

INSERT INTO property (id, lat, lon, name, title, price, m2, description, total_bed_rooms, total_baths, type_id, city_id, total_meet_booking, total_visits) VALUES (39, '39.654321', '-0.789012', 'Piso elegante en zona exclusiva', 'Estilo y sofisticación en cada detalle', 2200.0, 120.0, 'Este elegante piso ubicado en una zona exclusiva destaca por su estilo y sofisticación en cada detalle. Con amplios espacios, acabados de alta calidad y una distribución impecable, ofrece el máximo confort y lujo. Ideal para aquellos que valoran el diseño y la elegancia en su hogar.', 3, 2, 3, 8, 0, 0);

INSERT INTO property (id, lat, lon, name, title, price, m2, description, total_bed_rooms, total_baths, type_id, city_id, total_meet_booking, total_visits) VALUES (40, '40.123456', '-3.987654', 'Apartamento moderno cerca del mar', 'Espectacular apartamento con vistas al océano', 1800.0, 100.0, 'Este moderno apartamento se encuentra estratégicamente ubicado cerca del mar y ofrece impresionantes vistas al océano. Cuenta con amplias habitaciones, una cocina totalmente equipada y una decoración elegante. Ideal para aquellos que buscan una estancia de lujo y comodidad.', 2, 3, 2, 12, 0, 0);

INSERT INTO property (id, lat, lon, name, title, price, m2, description, total_bed_rooms, total_baths, type_id, city_id, total_meet_booking, total_visits) VALUES (41, '41.987654', '2.123456', 'Casa de campo con piscina privada', 'Retiro tranquilo en plena naturaleza', 2500.0, 200.0, 'Esta hermosa casa de campo ofrece un retiro tranquilo en plena naturaleza. Rodeada de exuberantes paisajes, cuenta con una amplia piscina privada, jardines cuidados y una decoración rústica y acogedora. Ideal para aquellos que desean escapar del bullicio de la ciudad y disfrutar de la paz y la tranquilidad del campo.', 4, 4, 1, 25, 0, 0);

INSERT INTO property (id, lat, lon, name, title, price, m2, description, total_bed_rooms, total_baths, type_id, city_id, total_meet_booking, total_visits) VALUES (42, '39.654321', '-0.789012', 'Piso elegante en zona exclusiva', 'Estilo y sofisticación en cada detalle', 2200.0, 120.0, 'Este elegante piso ubicado en una zona exclusiva destaca por su estilo y sofisticación en cada detalle. Con amplios espacios, acabados de alta calidad y una distribución impecable, ofrece el máximo confort y lujo. Ideal para aquellos que valoran el diseño y la elegancia en su hogar.', 3, 2, 3, 8, 0, 0);

INSERT INTO property (id, lat, lon, name, title, price, m2, description, total_bed_rooms, total_baths, type_id, city_id, total_meet_booking, total_visits) VALUES (43, '40.123456', '-3.987654', 'Apartamento moderno cerca del mar', 'Espectacular apartamento con vistas al océano', 1800.0, 100.0, 'Este moderno apartamento se encuentra estratégicamente ubicado cerca del mar y ofrece impresionantes vistas al océano. Cuenta con amplias habitaciones, una cocina totalmente equipada y una decoración elegante. Ideal para aquellos que buscan una estancia de lujo y comodidad.', 2, 3, 2, 12, 0, 0);

INSERT INTO property (id, lat, lon, name, title, price, m2, description, total_bed_rooms, total_baths, type_id, city_id, total_meet_booking, total_visits) VALUES (44, '41.987654', '2.123456', 'Casa de campo con piscina privada', 'Retiro tranquilo en plena naturaleza', 2500.0, 200.0, 'Esta hermosa casa de campo ofrece un retiro tranquilo en plena naturaleza. Rodeada de exuberantes paisajes, cuenta con una amplia piscina privada, jardines cuidados y una decoración rústica y acogedora. Ideal para aquellos que desean escapar del bullicio de la ciudad y disfrutar de la paz y la tranquilidad del campo.', 4, 4, 1, 25, 0, 0);

INSERT INTO property (id, lat, lon, name, title, price, m2, description, total_bed_rooms, total_baths, type_id, city_id, total_meet_booking, total_visits) VALUES (45, '39.654321', '-0.789012', 'Piso elegante en zona exclusiva', 'Estilo y sofisticación en cada detalle', 2200.0, 120.0, 'Este elegante piso ubicado en una zona exclusiva destaca por su estilo y sofisticación en cada detalle. Con amplios espacios, acabados de alta calidad y una distribución impecable, ofrece el máximo confort y lujo. Ideal para aquellos que valoran el diseño y la elegancia en su hogar.', 3, 2, 3, 8, 0, 0);

INSERT INTO property (id, lat, lon, name, title, price, m2, description, total_bed_rooms, total_baths, type_id, city_id, total_meet_booking, total_visits) VALUES (46, '40.123456', '-3.987654', 'Apartamento moderno cerca del mar', 'Espectacular apartamento con vistas al océano', 1800.0, 100.0, 'Este moderno apartamento se encuentra estratégicamente ubicado cerca del mar y ofrece impresionantes vistas al océano. Cuenta con amplias habitaciones, una cocina totalmente equipada y una decoración elegante. Ideal para aquellos que buscan una estancia de lujo y comodidad.', 2, 3, 2, 12, 0, 0);

INSERT INTO property (id, lat, lon, name, title, price, m2, description, total_bed_rooms, total_baths, type_id, city_id, total_meet_booking, total_visits) VALUES (47, '41.987654', '2.123456', 'Casa de campo con piscina privada', 'Retiro tranquilo en plena naturaleza', 2500.0, 200.0, 'Esta hermosa casa de campo ofrece un retiro tranquilo en plena naturaleza. Rodeada de exuberantes paisajes, cuenta con una amplia piscina privada, jardines cuidados y una decoración rústica y acogedora. Ideal para aquellos que desean escapar del bullicio de la ciudad y disfrutar de la paz y la tranquilidad del campo.', 4, 4, 1, 25, 0, 0);

INSERT INTO property (id, lat, lon, name, title, price, m2, description, total_bed_rooms, total_baths, type_id, city_id, total_meet_booking, total_visits) VALUES (48, '39.654321', '-0.789012', 'Piso elegante en zona exclusiva', 'Estilo y sofisticación en cada detalle', 2200.0, 120.0, 'Este elegante piso ubicado en una zona exclusiva destaca por su estilo y sofisticación en cada detalle. Con amplios espacios, acabados de alta calidad y una distribución impecable, ofrece el máximo confort y lujo. Ideal para aquellos que valoran el diseño y la elegancia en su hogar.', 3, 2, 3, 8, 0, 0);

INSERT INTO property (id, lat, lon, name, title, price, m2, description, total_bed_rooms, total_baths, type_id, city_id, total_meet_booking, total_visits) VALUES (49, '37.543210', '-6.987654', 'Villa de lujo con vistas al mar', 'Un oasis de confort y exclusividad', 3500.0, 300.0, 'Esta impresionante villa de lujo ofrece un oasis de confort y exclusividad. Con amplias habitaciones, una piscina infinita con vistas al mar, terrazas panorámicas y una decoración sofisticada, es el lugar perfecto para disfrutar de la vida de lujo.', 4, 3, 1, 35, 0, 0);

INSERT INTO property (id, lat, lon, name, title, price, m2, description, total_bed_rooms, total_baths, type_id, city_id, total_meet_booking, total_visits) VALUES (50, '40.123456', '-3.987654', 'Apartamento moderno cerca del mar', 'Espectacular apartamento con vistas al océano', 1800.0, 100.0, 'Este moderno apartamento se encuentra estratégicamente ubicado cerca del mar y ofrece impresionantes vistas al océano. Cuenta con amplias habitaciones, una cocina totalmente equipada y una decoración elegante. Ideal para aquellos que buscan una estancia de lujo y comodidad.', 2, 3, 2, 12, 0, 0);

INSERT INTO property (id, lat, lon, name, title, price, m2, description, total_bed_rooms, total_baths, type_id, city_id, total_meet_booking, total_visits) VALUES (51, '41.987654', '2.123456', 'Casa de campo con piscina privada', 'Retiro tranquilo en plena naturaleza', 2500.0, 200.0, 'Esta hermosa casa de campo ofrece un retiro tranquilo en plena naturaleza. Rodeada de exuberantes paisajes, cuenta con una amplia piscina privada, jardines cuidados y una decoración rústica y acogedora.', 4, 4, 1, 25, 0, 0);

INSERT INTO property (id, lat, lon, name, title, price, m2, description, total_bed_rooms, total_baths, type_id, city_id, total_meet_booking, total_visits) VALUES (52, '39.654321', '-0.789012', 'Piso elegante en zona exclusiva', 'Estilo y sofisticación en cada detalle', 2200.0, 120.0, 'Este elegante piso ubicado en una zona exclusiva destaca por su estilo y sofisticación en cada detalle. Con amplios espacios, acabados de alta calidad y una distribución impecable, ofrece el máximo confort y lujo. Ideal para aquellos que valoran el diseño y la elegancia en su hogar.', 3, 2, 3, 8, 0, 0);

ALTER SEQUENCE property_id_seq RESTART WITH 60;
